{
    "EN": {
        "LR": {
            "best_params": {
                "C": 10
            },
            "macro_f1": 0.9585116365384885,
            "accuracy": 0.9589320769532783,
            "full_report": {
                "0": {
                    "precision": 0.9626563325700194,
                    "recall": 0.9461565096952909,
                    "f1-score": 0.9543351087051427,
                    "support": 5776.0
                },
                "1": {
                    "precision": 0.9559365259280249,
                    "recall": 0.9695358528524213,
                    "f1-score": 0.9626881643718342,
                    "support": 6959.0
                },
                "accuracy": 0.9589320769532783,
                "macro avg": {
                    "precision": 0.9592964292490221,
                    "recall": 0.9578461812738561,
                    "f1-score": 0.9585116365384885,
                    "support": 12735.0
                },
                "weighted avg": {
                    "precision": 0.9589843157328274,
                    "recall": 0.9589320769532783,
                    "f1-score": 0.95889960924574,
                    "support": 12735.0
                }
            }
        },
        "SVM": {
            "best_params": {
                "C": 1
            },
            "macro_f1": 0.9594764118154318,
            "accuracy": 0.9598743619945034,
            "full_report": {
                "0": {
                    "precision": 0.9620853080568721,
                    "recall": 0.9489265927977839,
                    "f1-score": 0.9554606467358145,
                    "support": 5776.0
                },
                "1": {
                    "precision": 0.9580846831486217,
                    "recall": 0.9689610576232217,
                    "f1-score": 0.963492176895049,
                    "support": 6959.0
                },
                "accuracy": 0.9598743619945034,
                "macro avg": {
                    "precision": 0.9600849956027468,
                    "recall": 0.9589438252105028,
                    "f1-score": 0.9594764118154318,
                    "support": 12735.0
                },
                "weighted avg": {
                    "precision": 0.9598991793771301,
                    "recall": 0.9598743619945034,
                    "f1-score": 0.959849450691693,
                    "support": 12735.0
                }
            }
        },
        "XGB": {
            "best_params": {
                "learning_rate": 0.1,
                "max_depth": 6,
                "n_estimators": 200
            },
            "macro_f1": 0.9603210119059619,
            "accuracy": 0.9605810757754221,
            "full_report": {
                "0": {
                    "precision": 0.944838056680162,
                    "recall": 0.969702216066482,
                    "f1-score": 0.9571086807928914,
                    "support": 5776.0
                },
                "1": {
                    "precision": 0.9742911708535331,
                    "recall": 0.9530104900129329,
                    "f1-score": 0.9635333430190324,
                    "support": 6959.0
                },
                "accuracy": 0.9605810757754221,
                "macro avg": {
                    "precision": 0.9595646137668475,
                    "recall": 0.9613563530397075,
                    "f1-score": 0.9603210119059619,
                    "support": 12735.0
                },
                "weighted avg": {
                    "precision": 0.9609326166748609,
                    "recall": 0.9605810757754221,
                    "f1-score": 0.9606194169084559,
                    "support": 12735.0
                }
            }
        }
    },
    "CN": {
        "LR": {
            "best_params": {
                "C": 10
            },
            "macro_f1": 0.8464632545907889,
            "accuracy": 0.8613500992720053,
            "full_report": {
                "0": {
                    "precision": 0.8377016129032258,
                    "recall": 0.7630853994490359,
                    "f1-score": 0.798654493032196,
                    "support": 1089.0
                },
                "1": {
                    "precision": 0.8729064039408867,
                    "recall": 0.9167097775478531,
                    "f1-score": 0.8942720161493818,
                    "support": 1933.0
                },
                "accuracy": 0.8613500992720053,
                "macro avg": {
                    "precision": 0.8553040084220562,
                    "recall": 0.8398975884984445,
                    "f1-score": 0.8464632545907889,
                    "support": 3022.0
                },
                "weighted avg": {
                    "precision": 0.8602200977066005,
                    "recall": 0.8613500992720053,
                    "f1-score": 0.8598155361114549,
                    "support": 3022.0
                }
            }
        },
        "SVM": {
            "best_params": {
                "C": 1
            },
            "macro_f1": 0.8461490090686882,
            "accuracy": 0.8606882859033752,
            "full_report": {
                "0": {
                    "precision": 0.8326693227091634,
                    "recall": 0.7676767676767676,
                    "f1-score": 0.7988533205924511,
                    "support": 1089.0
                },
                "1": {
                    "precision": 0.8746283448959365,
                    "recall": 0.9130884635281945,
                    "f1-score": 0.8934446975449253,
                    "support": 1933.0
                },
                "accuracy": 0.8606882859033752,
                "macro avg": {
                    "precision": 0.85364883380255,
                    "recall": 0.8403826156024811,
                    "f1-score": 0.8461490090686882,
                    "support": 3022.0
                },
                "weighted avg": {
                    "precision": 0.8595081016261165,
                    "recall": 0.8606882859033752,
                    "f1-score": 0.8593579968496095,
                    "support": 3022.0
                }
            }
        },
        "XGB": {
            "best_params": {
                "learning_rate": 0.1,
                "max_depth": 6,
                "n_estimators": 200
            },
            "macro_f1": 0.768378031695202,
            "accuracy": 0.7769688947716744,
            "full_report": {
                "0": {
                    "precision": 0.6535899333826795,
                    "recall": 0.8108356290174472,
                    "f1-score": 0.7237704918032787,
                    "support": 1089.0
                },
                "1": {
                    "precision": 0.87672052663076,
                    "recall": 0.7578892912571132,
                    "f1-score": 0.8129855715871254,
                    "support": 1933.0
                },
                "accuracy": 0.7769688947716744,
                "macro avg": {
                    "precision": 0.7651552300067197,
                    "recall": 0.7843624601372803,
                    "f1-score": 0.768378031695202,
                    "support": 3022.0
                },
                "weighted avg": {
                    "precision": 0.7963137708242876,
                    "recall": 0.7769688947716744,
                    "f1-score": 0.780836259249399,
                    "support": 3022.0
                }
            }
        }
    },
    "JP": {
        "LR": {
            "best_params": {
                "C": 10
            },
            "macro_f1": 0.8422737763017851,
            "accuracy": 0.8782870022539444,
            "full_report": {
                "0": {
                    "precision": 0.8162327718223583,
                    "recall": 0.723202170963365,
                    "f1-score": 0.7669064748201438,