{
    "EN": {
        "macro_f1": 0.9942953848386693,
        "accuracy": 0.9943462897526502,
        "full_report": {
            "0": {
                "precision": 0.9954829742876998,
                "recall": 0.9920360110803325,
                "f1-score": 0.9937565036420395,
                "support": 5776.0
            },
            "1": {
                "precision": 0.9934087978220375,
                "recall": 0.9962638310102027,
                "f1-score": 0.9948342660352992,
                "support": 6959.0
            },
            "accuracy": 0.9943462897526502,
            "macro avg": {
                "precision": 0.9944458860548686,
                "recall": 0.9941499210452676,
                "f1-score": 0.9942953848386693,
                "support": 12735.0
            },
            "weighted avg": {
                "precision": 0.9943495471950775,
                "recall": 0.9943462897526502,
                "f1-score": 0.9943454434531659,
                "support": 12735.0
            }
        }
    },
    "CN": {
        "macro_f1": 0.9072909090409909,
        "accuracy": 0.914956982131039,
        "full_report": {
            "0": {
                "precision": 0.8909774436090225,
                "recall": 0.8705234159779615,
                "f1-score": 0.880631676730144,
                "support": 1089.0
            },
            "1": {
                "precision": 0.9279877425944841,
                "recall": 0.9399896533885153,
                "f1-score": 0.9339501413518376,
                "support": 1933.0
            },
            "accuracy": 0.914956982131039,
            "macro avg": {
                "precision": 0.9094825931017534,
                "recall": 0.9052565346832384,
                "f1-score": 0.9072909090409909,
                "support": 3022.0
            },
            "weighted avg": {
                "precision": 0.9146508082479694,
                "recall": 0.914956982131039,
                "f1-score": 0.9147364391767798,
                "support": 3022.0
            }
        }
    },
    "JP": {
        "macro_f1": 0.8893065250681145,
        "accuracy": 0.9049586776859504,
        "full_report": {
            "0": {
                "precision": 0.7619047619047619,
                "recall": 0.9552238805970149,
                "f1-score": 0.847682119205298,
                "support": 737.0
            },
            "1": {
                "precision": 0.9810126582278481,
                "recall": 0.8857142857142857,
                "f1-score": 0.9309309309309309,
                "support": 1925.0
            },
            "accuracy": 0.9049586776859504,
            "macro avg": {
                "precision": 0.8714587100663049,
                "recall": 0.9204690831556503,
                "f1-score": 0.8893065250681145,
                "support": 2662.0
            },
            "weighted avg": {
                "precision": 0.9203505547003822,
                "recall": 0.9049586776859504,
                "f1-score": 0.9078827061969746,
                "support": 2662.0
            }
        }
    }
}